Domain,Type,Sponsoring Organisation,Date
.abbott,generic,"Abbott Laboratories, Inc.",2026-03-11
.abogado,generic,Top Level Domain Holdings Limited,2026-03-11
.academy,generic,"Half Oaks, LLC",2026-03-11
.accountant,generic,dot Accountant Limited,2026-03-11
.accountants,generic,"Knob Town, LLC",2026-03-11
.active,generic,"The Active Network, Inc",2026-03-11
.actor,generic,United TLD Holdco Ltd.,2026-03-11
.ads,generic,Charleston Road Registry Inc.,2026-03-11
.adult,generic,ICM Registry AD LLC,2026-03-11
.afl,generic,Australian Football League,2026-03-11
.agency,generic,"Steel Falls, LLC",2026-03-11
.airforce,generic,United TLD Holdco Ltd.,2026-03-11
.allfinanz,generic,Allfinanz Deutsche Vermögensberatung Aktiengesellschaft,2026-03-11
.alsace,generic,REGION D ALSACE,2026-03-11
.amsterdam,generic,Gemeente Amsterdam,2026-03-11
.android,generic,Charleston Road Registry Inc.,2026-03-11
.apartments,generic,"June Maple, LLC",2026-03-11
.aquarelle,generic,Aquarelle.com,2026-03-11
.archi,generic,STARTING DOT LIMITED,2026-03-11
.army,generic,United TLD Holdco Ltd.,2026-03-11
.associates,generic,"Baxter Hill, LLC",2026-03-11
.attorney,generic,"United TLD Holdco, Ltd",2026-03-11
.auction,generic,"United TLD HoldCo, Ltd.",2026-03-11
.audio,generic,"Uniregistry, Corp.",2026-03-11
.autos,generic,"DERAutos, LLC",2026-03-11
.axa,generic,AXA SA,2026-03-11
.band,generic,"United TLD Holdco, Ltd",2026-03-11
.bank,generic,"fTLD Registry Services, LLC",2026-03-11
.bar,generic,Punto 2012 Sociedad Anonima Promotora de Inversion de Capital Variable,2026-03-11
.barclaycard,generic,Barclays Bank PLC,2026-03-11
.barclays,generic,Barclays Bank PLC,2026-03-11
.bargains,generic,"Half Hallow, LLC",2026-03-11
.bauhaus,generic,Werkhaus GmbH,2026-03-11
.bayern,generic,Bayern Connect GmbH,2026-03-11
.bbc,generic,British Broadcasting Corporation,2026-03-11
.beer,generic,Top Level Domain Holdings Limited,2026-03-11
.berlin,generic,dotBERLIN GmbH & Co. KG,2026-03-11
.best,generic,BestTLD Pty Ltd,2026-03-11
.bid,generic,dot Bid Limited,2026-03-11
.bike,generic,"Grand Hollow, LLC",2026-03-11
.bingo,generic,"Sand Cedar, LLC",2026-03-11
.bio,generic,STARTING DOT LIMITED,2026-03-11
.black,generic,Afilias Limited,2026-03-11
.blackfriday,generic,"Uniregistry, Corp.",2026-03-11
.bloomberg,generic,Bloomberg IP Holdings LLC,2026-03-11
.blue,generic,Afilias Limited,2026-03-11
.bmw,generic,Bayerische Motoren Werke Aktiengesellschaft,2026-03-11
.bnpparibas,generic,BNP Paribas,2026-03-11
.boats,generic,"DERBoats, LLC",2026-03-11
.bond,generic,Bond University Limited,2026-03-11
.boo,generic,Charleston Road Registry Inc.,2026-03-11
.boutique,generic,"Over Galley, LLC",2026-03-11
.brussels,generic,DNS.be vzw,2026-03-11
.budapest,generic,Top Level Domain Holdings Limited,2026-03-11
.build,generic,Plan Bee LLC,2026-03-11
.builders,generic,"Atomic Madison, LLC",2026-03-11
.business,generic,"Spring Cross, LLC",2026-03-11
.buzz,generic,DOTSTRATEGY CO.,2026-03-11
.bzh,generic,Association www.bzh,2026-03-11
.cab,generic,"Half Sunset, LLC",2026-03-11
.cafe,generic,"Pioneer Canyon, LLC",2026-03-11
.cal,generic,Charleston Road Registry Inc.,2026-03-11
.camera,generic,"Atomic Maple, LLC",2026-03-11
.camp,generic,"Delta Dynamite, LLC",2026-03-11
.cancerresearch,generic,Australian Cancer Research Foundation,2026-03-11
.canon,generic,Canon Inc.,2026-03-11
.capetown,generic,ZA Central Registry NPC trading as ZA Central Registry,2026-03-11
.capital,generic,"Delta Mill, LLC",2026-03-11
.caravan,generic,"Caravan International, Inc.",2026-03-11
.cards,generic,"Foggy Hollow, LLC",2026-03-11
.care,generic,"Goose Cross, LLC",2026-03-11
.career,generic,dotCareer LLC,2026-03-11
.careers,generic,"Wild Corner, LLC",2026-03-11
.cartier,generic,Richemont DNS Inc.,2026-03-11
.casa,generic,Top Level Domain Holdings Limited,2026-03-11
.cash,generic,"Delta Lake, LLC",2026-03-11
.casino,generic,"Binky Sky, LLC",2026-03-11
.catering,generic,New Falls. LLC,2026-03-11
.cbn,generic,"The Christian Broadcasting Network, Inc.",2026-03-11
.center,generic,"Tin Mill, LLC",2026-03-11
.ceo,generic,CEOTLD Pty Ltd,2026-03-11
.cern,generic,"European Organization for Nuclear Research (""CERN"")",2026-03-11
.cfd,generic,DOTCFD REGISTRY LTD,2026-03-11
.channel,generic,Charleston Road Registry Inc.,2026-03-11
.chat,generic,"Sand Fields, LLC",2026-03-11
.cheap,generic,"Sand Cover, LLC",2026-03-11
.chloe,generic,Richemont DNS Inc.,2026-03-11
.christmas,generic,"Uniregistry, Corp.",2026-03-11
.chrome,generic,Charleston Road Registry Inc.,2026-03-11
.church,generic,"Holly Fileds, LLC",2026-03-11
.citic,generic,CITIC Group Corporation,2026-03-11
.city,generic,"Snow Sky, LLC",2026-03-11
.claims,generic,"Black Corner, LLC",2026-03-11
.cleaning,generic,"Fox Shadow, LLC",2026-03-11
.click,generic,"Uniregistry, Corp.",2026-03-11
.clinic,generic,"Goose Park, LLC",2026-03-11
.clothing,generic,"Steel Lake, LLC",2026-03-11
.club,generic,".CLUB DOMAINS, LLC",2026-03-11
.coach,generic,"Koko Island, LLC",2026-03-11
.codes,generic,"Puff Willow, LLC",2026-03-11
.coffee,generic,"Trixy Cover, LLC",2026-03-11
.college,generic,XYZ.COM LLC,2026-03-11
.cologne,generic,NetCologne Gesellschaft für Telekommunikation mbH,2026-03-11
.com,generic,VeriSign Global Registry Services,2026-03-11
.community,generic,"Fox Orchard, LLC",2026-03-11
.company,generic,"Silver Avenue, LLC",2026-03-11
.computer,generic,"Pine Mill, LLC",2026-03-11
.condos,generic,"Pine House, LLC",2026-03-11
.construction,generic,"Fox Dynamite, LLC",2026-03-11
.consulting,generic,"United TLD Holdco, LTD.",2026-03-11
.contractors,generic,"Magic Woods, LLC",2026-03-11
.cooking,generic,Top Level Domain Holdings Limited,2026-03-11
.cool,generic,"Koko Lake, LLC",2026-03-11
.country,generic,Top Level Domain Holdings Limited,2026-03-11
.courses,generic,OPEN UNIVERSITIES AUSTRALIA PTY LTD,2026-03-11
.credit,generic,"Snow Shadow, LLC",2026-03-11
.creditcard,generic,"Binky Frostbite, LLC",2026-03-11
.cricket,generic,dot Cricket Limited,2026-03-11
.crs,generic,Federated Co-operatives Limited,2026-03-11
.cruises,generic,"Spring Way, LLC",2026-03-11
.cuisinella,generic,SALM S.A.S.,2026-03-11
.cymru,generic,Nominet UK,2026-03-11
.cyou,generic,"Beijing Gamease Age Digital Technology Co., Ltd.",2026-03-11
.dabur,generic,Dabur India Limited,2026-03-11
.dad,generic,Charleston Road Registry Inc.,2026-03-11
.dance,generic,United TLD Holdco Ltd.,2026-03-11
.date,generic,dot Date Limited,2026-03-11
.dating,generic,"Pine Fest, LLC",2026-03-11
.datsun,generic,"NISSAN MOTOR CO., LTD.",2026-03-11
.day,generic,Charleston Road Registry Inc.,2026-03-11
.dclk,generic,Charleston Road Registry Inc.,2026-03-11
.deals,generic,"Sand Sunset, LLC",2026-03-11
.degree,generic,"United TLD Holdco, Ltd",2026-03-11
.delivery,generic,"Steel Station, LLC",2026-03-11
.democrat,generic,United TLD Holdco Ltd.,2026-03-11
.dental,generic,"Tin Birch, LLC",2026-03-11
.dentist,generic,"United TLD Holdco, Ltd",2026-03-11
.desi,generic,Desi Networks LLC,2026-03-11
.design,generic,"Top Level Design, LLC",2026-03-11
.dev,generic,Charleston Road Registry Inc.,2026-03-11
.diamonds,generic,"John Edge, LLC",2026-03-11
.diet,generic,"Uniregistry, Corp.",2026-03-11
.digital,generic,"Dash Park, LLC",2026-03-11
.direct,generic,"Half Trail, LLC",2026-03-11
.directory,generic,"Extra Madison, LLC",2026-03-11
.discount,generic,"Holly Hill, LLC",2026-03-11
.dnp,generic,"Dai Nippon Printing Co., Ltd.",2026-03-11
.docs,generic,Charleston Road Registry Inc.,2026-03-11
.doha,generic,Communications Regulatory Authority (CRA),2026-03-11
.domains,generic,"Sugar Cross, LLC",2026-03-11
.doosan,generic,Doosan Corporation,2026-03-11
.download,generic,dot Support Limited,2026-03-11
.durban,generic,ZA Central Registry NPC trading as ZA Central Registry,2026-03-11
.dvag,generic,Deutsche Vermögensberatung Aktiengesellschaft DVAG,2026-03-11
.eat,generic,Charleston Road Registry Inc.,2026-03-11
.education,generic,"Brice Way, LLC",2026-03-11
.email,generic,"Spring Madison, LLC",2026-03-11
.emerck,generic,Merck KGaA,2026-03-11
.energy,generic,"Binky Birch, LLC",2026-03-11
.engineer,generic,United TLD Holdco Ltd.,2026-03-11
.engineering,generic,Romeo Canyon,2026-03-11
.enterprises,generic,"Snow Oaks, LLC",2026-03-11
.epson,generic,Seiko Epson Corporation,2026-03-11
.equipment,generic,"Corn Station, LLC",2026-03-11
.erni,generic,ERNI Group Holding AG,2026-03-11
.esq,generic,Charleston Road Registry Inc.,2026-03-11
.estate,generic,"Trixy Park, LLC",2026-03-11
.eurovision,generic,European Broadcasting Union (EBU),2026-03-11
.eus,generic,Puntueus Fundazioa,2026-03-11
.events,generic,"Pioneer Maple, LLC",2026-03-11
.everbank,generic,EverBank,2026-03-11
.exchange,generic,"Spring Falls, LLC",2026-03-11
.expert,generic,"Magic Pass, LLC",2026-03-11
.exposed,generic,"Victor Beach, LLC",2026-03-11
.express,generic,"Sea Sunset, LLC",2026-03-11
.fail,generic,"Atomic Pipe, LLC",2026-03-11
.faith,generic,dot Faith Limited,2026-03-11
.fan,generic,Asiamix Digital Ltd,2026-03-11
.fans,generic,Asiamix Digital Limited,2026-03-11
.farm,generic,"Just Maple, LLC",2026-03-11
.fashion,generic,Top Level Domain Holdings Limited,2026-03-11
.feedback,generic,"Top Level Spectrum, Inc.",2026-03-11
.film,generic,Motion Picture Domain Registry Pty Ltd,2026-03-11
.finance,generic,"Cotton Cypress, LLC",2026-03-11
.financial,generic,"Just Cover, LLC",2026-03-11
.firmdale,generic,Firmdale Holdings Limited,2026-03-11
.fish,generic,"Fox Woods, LLC",2026-03-11
.fishing,generic,Top Level Domain Holdings Limited,2026-03-11
.fit,generic,Minds + Machines Group Limited,2026-03-11
.fitness,generic,"Brice Orchard, LLC",2026-03-11
.flights,generic,"Fox Station, LLC",2026-03-11
.florist,generic,"Half Cypress, LLC",2026-03-11
.flowers,generic,"Uniregistry, Corp.",2026-03-11
.flsmidth,generic,FLSmidth A/S,2026-03-11
.fly,generic,Charleston Road Registry Inc.,2026-03-11
.foo,generic,Charleston Road Registry Inc.,2026-03-11
.football,generic,"Foggy Farms, LLC",2026-03-11
.forex,generic,DOTFOREX REGISTRY LTD,2026-03-11
.forsale,generic,"United TLD Holdco, LLC",2026-03-11
.foundation,generic,"John Dale, LLC",2026-03-11
.frl,generic,FRLregistry B.V.,2026-03-11
.frogans,generic,OP3FT,2026-03-11
.fund,generic,"John Castle, LLC",2026-03-11
.furniture,generic,"Lone Fields, LLC",2026-03-11
.futbol,generic,"United TLD Holdco, Ltd.",2026-03-11
.gal,generic,Asociación puntoGAL,2026-03-11
.gallery,generic,"Sugar House, LLC",2026-03-11
.garden,generic,Top Level Domain Holdings Limited,2026-03-11
.gbiz,generic,Charleston Road Registry Inc.,2026-03-11
.gdn,generic,"Joint Stock Company ""Navigation-information systems""",2026-03-11
.gent,generic,COMBELL GROUP NV/SA,2026-03-11
.ggee,generic,"GMO Internet, Inc.",2026-03-11
.gift,generic,"Uniregistry, Corp.",2026-03-11
.gifts,generic,"Goose Sky, LLC",2026-03-11
.gives,generic,United TLD Holdco Ltd.,2026-03-11
.glass,generic,"Black Cover, LLC",2026-03-11
.gle,generic,Charleston Road Registry Inc.,2026-03-11
.global,generic,Dot Global Domain Registry Limited,2026-03-11
.globo,generic,Globo Comunicação e Participações S.A,2026-03-11
.gmail,generic,Charleston Road Registry Inc.,2026-03-11
.gmo,generic,"GMO Internet, Inc.",2026-03-11
.gmx,generic,1&1 Mail & Media GmbH,2026-03-11
.gold,generic,"June Edge, LLC",2026-03-11
.goldpoint,generic,"YODOBASHI CAMERA CO.,LTD.",2026-03-11
.golf,generic,"Lone Falls, LLC",2026-03-11
.goo,generic,NTT Resonant Inc.,2026-03-11
.goog,generic,Charleston Road Registry Inc.,2026-03-11
.google,generic,Charleston Road Registry Inc.,2026-03-11
.gop,generic,"Republican State Leadership Committee, Inc.",2026-03-11
.graphics,generic,"Over Madison, LLC",2026-03-11
.gratis,generic,"Pioneer Tigers, LLC",2026-03-11
.green,generic,Afilias Limited,2026-03-11
.gripe,generic,"Corn Sunset, LLC",2026-03-11
.guge,generic,Charleston Road Registry Inc.,2026-03-11
.guide,generic,"Snow Moon, LLC",2026-03-11
.guitars,generic,"Uniregistry, Corp.",2026-03-11
.guru,generic,"Pioneer Cypress, LLC",2026-03-11
.hamburg,generic,Hamburg Top-Level-Domain GmbH,2026-03-11
.hangout,generic,Charleston Road Registry Inc.,2026-03-11
.haus,generic,"United TLD Holdco, LTD.",2026-03-11
.healthcare,generic,"Silver Glen, LLC",2026-03-11
.help,generic,"Uniregistry, Corp.",2026-03-11
.here,generic,Charleston Road Registry Inc.,2026-03-11
.hermes,generic,Hermes International,2026-03-11
.hiphop,generic,"Uniregistry, Corp.",2026-03-11
.hiv,generic,dotHIV gemeinnuetziger e.V.,2026-03-11
.holdings,generic,"John Madison, LLC",2026-03-11
.holiday,generic,"Goose Woods, LLC",2026-03-11
.homes,generic,"DERHomes, LLC",2026-03-11
.horse,generic,Top Level Domain Holdings Limited,2026-03-11
.host,generic,DotHost Inc.,2026-03-11
.hosting,generic,"Uniregistry, Corp.",2026-03-11
.house,generic,"Sugar Park, LLC",2026-03-11
.how,generic,Charleston Road Registry Inc.,2026-03-11
.ibm,generic,International Business Machines Corporation,2026-03-11
.ifm,generic,ifm electronic gmbh,2026-03-11
.immo,generic,"Auburn Bloom, LLC",2026-03-11
.immobilien,generic,United TLD Holdco Ltd.,2026-03-11
.industries,generic,"Outer House, LLC",2026-03-11
.infiniti,generic,"NISSAN MOTOR CO., LTD.",2026-03-11
.info,generic,Afilias Limited,2026-03-11
.ing,generic,Charleston Road Registry Inc.,2026-03-11
.ink,generic,"Top Level Design, LLC",2026-03-11
.institute,generic,"Outer Maple, LLC",2026-03-11
.insure,generic,"Pioneer Willow, LLC",2026-03-11
.international,generic,"Wild Way, LLC",2026-03-11
.investments,generic,"Holly Glen, LLC",2026-03-11
.irish,generic,Dot-Irish LLC,2026-03-11
.iwc,generic,Richemont DNS Inc.,2026-03-11
.java,generic,Oracle Corporation,2026-03-11
.jcb,generic,"JCB Co., Ltd.",2026-03-11
.jetzt,generic,New TLD Company AB,2026-03-11
.joburg,generic,ZA Central Registry NPC trading as ZA Central Registry,2026-03-11
.juegos,generic,"Uniregistry, Corp.",2026-03-11
.kaufen,generic,United TLD Holdco Ltd.,2026-03-11
.kddi,generic,KDDI CORPORATION,2026-03-11
.kim,generic,Afilias Limited,2026-03-11
.kitchen,generic,"Just Goodbye, LLC",2026-03-11
.kiwi,generic,DOT KIWI LIMITED,2026-03-11
.koeln,generic,NetCologne Gesellschaft für Telekommunikation mbH,2026-03-11
.komatsu,generic,Komatsu Ltd.,2026-03-11
.krd,generic,KRG Department of Information Technology,2026-03-11
.kred,generic,KredTLD Pty Ltd,2026-03-11
.kyoto,generic,Academic Institution: Kyoto Jyoho Gakuen,2026-03-11
.lacaixa,generic,CAIXA D'ESTALVIS I PENSIONS DE BARCELONA,2026-03-11
.land,generic,"Pine Moon, LLC",2026-03-11
.lat,generic,ECOM-LAC Federación de Latinoamérica y el Caribe para Internet y el Comercio Electrónico,2026-03-11
.latrobe,generic,La Trobe University,2026-03-11
.lawyer,generic,"United TLD Holdco, Ltd",2026-03-11
.lds,generic,"IRI Domain Management, LLC",2026-03-11
.lease,generic,"Victor Trail, LLC",2026-03-11
.leclerc,generic,A.C.D. LEC Association des Centres Distributeurs Edouard Leclerc,2026-03-11
.legal,generic,"Blue Falls, LLC",2026-03-11
.lgbt,generic,Afilias Limited,2026-03-11
.lidl,generic,Schwarz Domains und Services GmbH & Co. KG,2026-03-11
.life,generic,"Trixy Oaks, LLC",2026-03-11
.lighting,generic,"John McCook, LLC",2026-03-11
.limited,generic,"Big Fest, LLC",2026-03-11
.limo,generic,"Hidden Frostbite, LLC",2026-03-11
.link,generic,"Uniregistry, Corp.",2026-03-11
.loan,generic,dot Loan Limited,2026-03-11
.loans,generic,"June Woods, LLC",2026-03-11
.london,generic,Dot London Domains Limited,2026-03-11
.lotte,generic,"Lotte Holdings Co., Ltd.",2026-03-11
.lotto,generic,Afilias Limited,2026-03-11
.love,generic,Merchant Law Group LLP,2026-03-11
.ltda,generic,InterNetX Corp.,2026-03-11
.luxe,generic,Top Level Domain Holdings Limited,2026-03-11
.luxury,generic,Luxury Partners LLC,2026-03-11
.madrid,generic,Comunidad de Madrid,2026-03-11
.maif,generic,Mutuelle Assurance Instituteur France (MAIF),2026-03-11
.maison,generic,"Victor Frostbite, LLC",2026-03-11
.management,generic,"John Goodbye, LLC",2026-03-11
.mango,generic,PUNTO FA S.L.,2026-03-11
.market,generic,"Unitied TLD Holdco, Ltd",2026-03-11
.marketing,generic,"Fern Pass, LLC",2026-03-11
.markets,generic,DOTMARKETS REGISTRY LTD,2026-03-11
.marriott,generic,Marriott Worldwide Corporation,2026-03-11
.media,generic,"Grand Glen, LLC",2026-03-11
.meet,generic,Afilias Limited,2026-03-11
.melbourne,generic,"The Crown in right of the State of Victoria, represented by its Department of State Development, Business and Innovation",2026-03-11
.meme,generic,Charleston Road Registry Inc.,2026-03-11
.memorial,generic,"Dog Beach, LLC",2026-03-11
.menu,generic,"Wedding TLD2, LLC",2026-03-11
.miami,generic,Top Level Domain Holdings Limited,2026-03-11
.mini,generic,Bayerische Motoren Werke Aktiengesellschaft,2026-03-11
.mma,generic,MMA IARD,2026-03-11
.moda,generic,United TLD Holdco Ltd.,2026-03-11
.moe,generic,"Interlink Co., Ltd.",2026-03-11
.monash,generic,Monash University,2026-03-11
.money,generic,"Outer McCook, LLC",2026-03-11
.mormon,generic,"IRI Domain Management, LLC (""Applicant"")",2026-03-11
.mortgage,generic,"United TLD Holdco, Ltd",2026-03-11
.moscow,generic,Foundation for Assistance for Internet Technologies and Infrastructure Development (FAITID),2026-03-11
.motorcycles,generic,"DERMotorcycles, LLC",2026-03-11
.mov,generic,Charleston Road Registry Inc.,2026-03-11
.movie,generic,"New Frostbite, LLC",2026-03-11
.mtn,generic,MTN Dubai Limited,2026-03-11
.mtpc,generic,Mitsubishi Tanabe Pharma Corporation,2026-03-11
.nagoya,generic,"GMO Registry, Inc.",2026-03-11
.navy,generic,United TLD Holdco Ltd.,2026-03-11
.net,generic,VeriSign Global Registry Services,2026-03-11
.network,generic,"Trixy Manor, LLC",2026-03-11
.neustar,generic,"NeuStar, Inc.",2026-03-11
.new,generic,Charleston Road Registry Inc.,2026-03-11
.news,generic,United TLD Holdco Ltd.,2026-03-11
.nexus,generic,Charleston Road Registry Inc.,2026-03-11
.ngo,generic,Public Interest Registry,2026-03-11
.nhk,generic,Japan Broadcasting Corporation (NHK),2026-03-11
.nico,generic,"DWANGO Co., Ltd.",2026-03-11
.ninja,generic,United TLD Holdco Ltd.,2026-03-11
.nissan,generic,"NISSAN MOTOR CO., LTD.",2026-03-11
.nra,generic,"NRA Holdings Company, INC.",2026-03-11
.nrw,generic,Minds + Machines GmbH,2026-03-11
.ntt,generic,NIPPON TELEGRAPH AND TELEPHONE CORPORATION,2026-03-11
.nyc,generic,The City of New York by and through the New York City Department of Information Technology & Telecommunications,2026-03-11
.okinawa,generic,BusinessRalliart inc.,2026-03-11
.one,generic,One.com A/S,2026-03-11
.ong,generic,Public Interest Registry,2026-03-11
.onl,generic,"I-REGISTRY Ltd., Niederlassung Deutschland",2026-03-11
.online,generic,DotOnline Inc.,2026-03-11
.ooo,generic,INFIBEAM INCORPORATION LIMITED,2026-03-11
.org,generic,Public Interest Registry (PIR),2026-03-11
.organic,generic,Afilias Limited,2026-03-11
.osaka,generic,"Interlink Co., Ltd.",2026-03-11
.otsuka,generic,"Otsuka Holdings Co., Ltd.",2026-03-11
.ovh,generic,OVH SAS,2026-03-11
.page,generic,Charleston Road Registry Inc.,2026-03-11
.panerai,generic,Richemont DNS Inc.,2026-03-11
.paris,generic,City of Paris,2026-03-11
.partners,generic,"Magic Glen, LLC",2026-03-11
.parts,generic,"Sea Goodbye, LLC",2026-03-11
.party,generic,Blue Sky Registry Limited,2026-03-11
.pharmacy,generic,National Association of Boards of Pharmacy,2026-03-11
.photo,generic,"Uniregistry, Corp.",2026-03-11
.photography,generic,"Sugar Glen, LLC",2026-03-11
.photos,generic,"Sea Corner, LLC",2026-03-11
.physio,generic,PhysBiz Pty Ltd,2026-03-11
.piaget,generic,Richemont DNS Inc.,2026-03-11
.pics,generic,"Uniregistry, Corp.",2026-03-11
.pictet,generic,Pictet Europe S.A.,2026-03-11
.pictures,generic,"Foggy Sky, LLC",2026-03-11
.pink,generic,Afilias Limited,2026-03-11
.pizza,generic,"Foggy Moon, LLC",2026-03-11
.place,generic,"Snow Galley, LLC",2026-03-11
.plumbing,generic,"Spring Tigers, LLC",2026-03-11
.plus,generic,"Sugar Mill, LLC",2026-03-11
.pohl,generic,Deutsche Vermögensberatung Aktiengesellschaft DVAG,2026-03-11
.poker,generic,Afilias Domains No. 5 Limited,2026-03-11
.porn,generic,ICM Registry PN LLC,2026-03-11
.praxi,generic,Praxi S.p.A.,2026-03-11
.press,generic,DotPress Inc.,2026-03-11
.prod,generic,Charleston Road Registry Inc.,2026-03-11
.productions,generic,"Magic Birch, LLC",2026-03-11
.prof,generic,Charleston Road Registry Inc.,2026-03-11
.properties,generic,"Big Pass, LLC",2026-03-11
.property,generic,"Uniregistry, Corp.",2026-03-11
.pub,generic,United TLD Holdco Ltd.,2026-03-11
.qpon,generic,"dotCOOL, Inc.",2026-03-11
.quebec,generic,PointQuébec Inc,2026-03-11
.racing,generic,Premier Registry Limited,2026-03-11
.realtor,generic,Real Estate Domains LLC,2026-03-11
.recipes,generic,"Grand Island, LLC",2026-03-11
.red,generic,Afilias Limited,2026-03-11
.redstone,generic,"Redstone Haute Couture Co., Ltd.",2026-03-11
.rehab,generic,United TLD Holdco Ltd.,2026-03-11
.reise,generic,dotreise GmbH,2026-03-11
.reisen,generic,"New Cypress, LLC",2026-03-11
.reit,generic,"National Association of Real Estate Investment Trusts, Inc.",2026-03-11
.ren,generic,"Beijing Qianxiang Wangjing Technology Development Co., Ltd.",2026-03-11
.rentals,generic,"Big Hollow,LLC",2026-03-11
.repair,generic,"Lone Sunset, LLC",2026-03-11
.report,generic,"Binky Glen, LLC",2026-03-11
.republican,generic,United TLD Holdco Ltd.,2026-03-11
.rest,generic,Punto 2012 Sociedad Anonima Promotora de Inversion de Capital Variable,2026-03-11
.restaurant,generic,"Snow Avenue, LLC",2026-03-11
.review,generic,dot Review Limited,2026-03-11
.reviews,generic,"United TLD Holdco, Ltd.",2026-03-11
.rich,generic,"I-REGISTRY Ltd., Niederlassung Deutschland",2026-03-11
.rio,generic,Empresa Municipal de Informática SA - IPLANRIO,2026-03-11
.rip,generic,United TLD Holdco Ltd.,2026-03-11
.rocks,generic,"United TLD Holdco, LTD.",2026-03-11
.rodeo,generic,Top Level Domain Holdings Limited,2026-03-11
.rsvp,generic,Charleston Road Registry Inc.,2026-03-11
.ruhr,generic,regiodot GmbH & Co. KG,2026-03-11
.ryukyu,generic,BusinessRalliart inc.,2026-03-11
.saarland,generic,dotSaarland GmbH,2026-03-11
.sale,generic,"United TLD Holdco, Ltd",2026-03-11
.samsung,generic,"SAMSUNG SDS CO., LTD",2026-03-11
.sap,generic,SAP AG,2026-03-11
.sarl,generic,"Delta Orchard, LLC",2026-03-11
.saxo,generic,Saxo Bank A/S,2026-03-11
.sca,generic,SVENSKA CELLULOSA AKTIEBOLAGET SCA (publ),2026-03-11
.scb,generic,"The Siam Commercial Bank Public Company Limited (""SCB"")",2026-03-11
.schmidt,generic,SALM S.A.S.,2026-03-11
.scholarships,generic,"Scholarships.com, LLC",2026-03-11
.school,generic,"Little Galley, LLC",2026-03-11
.schule,generic,"Outer Moon, LLC",2026-03-11
.schwarz,generic,Schwarz Domains und Services GmbH & Co. KG,2026-03-11
.science,generic,dot Science Limited,2026-03-11
.scot,generic,Dot Scot Registry Limited,2026-03-11
.services,generic,"Fox Castle, LLC",2026-03-11
.sew,generic,SEW-EURODRIVE GmbH & Co KG,2026-03-11
.sexy,generic,"Uniregistry, Corp.",2026-03-11
.shiksha,generic,Afilias Limited,2026-03-11
.shoes,generic,"Binky Galley, LLC",2026-03-11
.shriram,generic,Shriram Capital Ltd.,2026-03-11
.singles,generic,"Fern Madison, LLC",2026-03-11
.site,generic,DotSite Inc.,2026-03-11
.sky,generic,"Sky IP International Ltd, a company incorporated in England and Wales, operating via its registered Swiss branch",2026-03-11
.social,generic,United TLD Holdco Ltd.,2026-03-11
.software,generic,"United TLD Holdco, Ltd",2026-03-11
.sohu,generic,Sohu.com Limited,2026-03-11
.solar,generic,"Ruby Town, LLC",2026-03-11
.solutions,generic,"Silver Cover, LLC",2026-03-11
.soy,generic,Charleston Road Registry Inc.,2026-03-11
.space,generic,DotSpace Inc.,2026-03-11
.spiegel,generic,SPIEGEL-Verlag Rudolf Augstein GmbH & Co. KG,2026-03-11
.spreadbetting,generic,DOTSPREADBETTING REGISTRY LTD,2026-03-11
.study,generic,OPEN UNIVERSITIES AUSTRALIA PTY LTD,2026-03-11
.style,generic,"Binky Moon, LLC",2026-03-11
.sucks,generic,Vox Populi Registry Inc.,2026-03-11
.supplies,generic,"Atomic Fields, LLC",2026-03-11
.supply,generic,"Half Falls, LLC",2026-03-11
.support,generic,"Grand Orchard, LLC",2026-03-11
.surf,generic,Top Level Domain Holdings Limited,2026-03-11
.surgery,generic,"Tin Avenue, LLC",2026-03-11
.suzuki,generic,SUZUKI MOTOR CORPORATION,2026-03-11
.sydney,generic,"State of New South Wales, Department of Premier and Cabinet",2026-03-11
.systems,generic,"Dash Cypress, LLC",2026-03-11
.taipei,generic,Taipei City Government,2026-03-11
.tatar,generic,"Limited Liability Company ""Coordination Center of Regional Domain of Tatarstan Republic""",2026-03-11
.tattoo,generic,"Uniregistry, Corp.",2026-03-11
.tax,generic,"Storm Orchard, LLC",2026-03-11
.tech,generic,Dot Tech LLC,2026-03-11
.technology,generic,"Auburn Falls, LLC",2026-03-11
.temasek,generic,Temasek Holdings (Private) Limited,2026-03-11
.tennis,generic,"Cotton Bloom, LLC",2026-03-11
.tickets,generic,Accent Media Limited,2026-03-11
.tienda,generic,"Victor Manor, LLC",2026-03-11
.tips,generic,"Corn Willow, LLC",2026-03-11
.tires,generic,"Dog Edge, LLC",2026-03-11
.tirol,generic,punkt Tirol GmbH,2026-03-11
.today,generic,"Pearl Woods, LLC",2026-03-11
.tokyo,generic,"GMO Registry, Inc.",2026-03-11
.tools,generic,"Pioneer North, LLC",2026-03-11
.top,generic,"Jiangsu Bangning Science & Technology Co.,Ltd.",2026-03-11
.toshiba,generic,TOSHIBA Corporation,2026-03-11
.tours,generic,"Sugar Station, LLC",2026-03-11
.town,generic,"Koko Moon, LLC",2026-03-11
.toys,generic,"Pioneer Orchard, LLC",2026-03-11
.trade,generic,Elite Registry Limited,2026-03-11
.trading,generic,DOTTRADING REGISTRY LTD,2026-03-11
.training,generic,"Wild Willow, LLC",2026-03-11
.trust,generic,Artemis Internet Inc,2026-03-11
.tui,generic,TUI AG,2026-03-11
.university,generic,"Little Station, LLC",2026-03-11
.uno,generic,Dot Latin LLC,2026-03-11
.uol,generic,UBN INTERNET LTDA.,2026-03-11
.vacations,generic,"Atomic Tigers, LLC",2026-03-11
.vegas,generic,"Dot Vegas, Inc.",2026-03-11
.ventures,generic,"Binky Lake, LLC",2026-03-11
.versicherung,generic,dotversicherung-registry GmbH,2026-03-11
.vet,generic,"United TLD Holdco, Ltd",2026-03-11
.viajes,generic,"Black Madison, LLC",2026-03-11
.video,generic,"United TLD Holdco, Ltd",2026-03-11
.villas,generic,"New Sky, LLC",2026-03-11
.vision,generic,"Koko Station, LLC",2026-03-11
.vlaanderen,generic,DNS.be vzw,2026-03-11
.vodka,generic,Top Level Domain Holdings Limited,2026-03-11
.vote,generic,Monolith Registry LLC,2026-03-11
.voting,generic,Valuetainment Corp.,2026-03-11
.voto,generic,Monolith Registry LLC,2026-03-11
.voyage,generic,"Ruby House, LLC",2026-03-11
.wales,generic,Nominet UK,2026-03-11
.wang,generic,Zodiac Registry Limited,2026-03-11
.watch,generic,"Sand Shadow, LLC",2026-03-11
.webcam,generic,dot Webcam Limited,2026-03-11
.website,generic,DotWebsite Inc.,2026-03-11
.wed,generic,"Atgron, Inc.",2026-03-11
.wedding,generic,Top Level Domain Holdings Limited,2026-03-11
.whoswho,generic,Who's Who Registry,2026-03-11
.wien,generic,punkt.wien GmbH,2026-03-11
.wiki,generic,"Top Level Design, LLC",2026-03-11
.williamhill,generic,William Hill Organization Limited,2026-03-11
.win,generic,First Registry Limited,2026-03-11
.wme,generic,"William Morris Endeavor Entertainment, LLC",2026-03-11
.work,generic,Top Level Domain Holdings Limited,2026-03-11
.works,generic,"Little Dynamite, LLC",2026-03-11
.world,generic,"Bitter Fields, LLC",2026-03-11
.wtc,generic,"World Trade Centers Association, Inc.",2026-03-11
.wtf,generic,"Hidden Way, LLC",2026-03-11
.xin,generic,Elegant Leader Limited,2026-03-11
.佛山,generic,"Guangzhou YU Wei Information Technology Co., Ltd.",2026-03-11
.慈善,generic,Excellent First Limited,2026-03-11
.集团,generic,Eagle Horizon Limited,2026-03-11
.在线,generic,TLD REGISTRY LIMITED,2026-03-11
.八卦,generic,Zodiac Scorpio Limited,2026-03-11
.موقع,generic,Suhub Electronic Establishment,2026-03-11
.公益,generic,China Organizational Name Administration Center,2026-03-11
.公司,generic,Computer Network Information Center of Chinese Academy of Sciences （China Internet Network Information Center）,2026-03-11
.移动,generic,Afilias Limited,2026-03-11
.我爱你,generic,Tycoon Treasure Limited,2026-03-11
.москва,generic,Foundation for Assistance for Internet Technologies and Infrastructure Development (FAITID),2026-03-11
.онлайн,generic,CORE Association,2026-03-11
.сайт,generic,CORE Association,2026-03-11
.时尚,generic,RISE VICTORY LIMITED,2026-03-11
.淡马锡,generic,Temasek Holdings (Private) Limited,2026-03-11
.орг,generic,Public Interest Registry,2026-03-11
.삼성,generic,"SAMSUNG SDS CO., LTD",2026-03-11
.商标,generic,HU YI GLOBAL INFORMATION RESOURCES(HOLDING) COMPANY.HONGKONG LIMITED,2026-03-11
.商店,generic,"Wild Island, LLC",2026-03-11
.商城,generic,Zodiac Aquarius Limited,2026-03-11
.дети,generic,The Foundation for Network Initiatives “The Smart Internet”,2026-03-11
.中文网,generic,TLD REGISTRY LIMITED,2026-03-11
.中信,generic,CITIC Group Corporation,2026-03-11
.谷歌,generic,Charleston Road Registry Inc.,2026-03-11
.网店,generic,Zodiac Libra Limited,2026-03-11
.संगठन,generic,Public Interest Registry,2026-03-11
.网络,generic,Computer Network Information Center of Chinese Academy of Sciences （China Internet Network Information Center）,2026-03-11
.飞利浦,generic,Koninklijke Philips N.V.,2026-03-11
.手机,generic,"Beijing RITT-Net Technology Development Co., Ltd",2026-03-11
.بازار,generic,CORE Association,2026-03-11
.政府,generic,"Net-Chinese Co., Ltd.",2026-03-11
.شبكة,generic,International Domain Registry Pty. Ltd.,2026-03-11
.机构,generic,Public Interest Registry,2026-03-11
.组织机构,generic,Public Interest Registry,2026-03-11
.健康,generic,Stable Tone Limited,2026-03-11
.рус,generic,Rusnames Limited,2026-03-11
.みんな,generic,Charleston Road Registry Inc.,2026-03-11
.グーグル,generic,Charleston Road Registry Inc.,2026-03-11
.世界,generic,Stable Tone Limited,2026-03-11
.网址,generic,"KNET Co., Ltd",2026-03-11
.游戏,generic,"Spring Fields, LLC",2026-03-11
.vermögensberater,generic,Deutsche Vermögensberatung Aktiengesellschaft DVAG,2026-03-11
.vermögensberatung,generic,Deutsche Vermögensberatung Aktiengesellschaft DVAG,2026-03-11
.企业,generic,"Dash McCook, LLC",2026-03-11
.信息,generic,"Beijing Tele-info Network Technology Co., Ltd.",2026-03-11
.广东,generic,"Guangzhou YU Wei Information Technology Co., Ltd.",2026-03-11
.政务,generic,China Organizational Name Administration Center,2026-03-11
.xyz,generic,XYZ.COM LLC,2026-03-11
.yachts,generic,"DERYachts, LLC",2026-03-11
.yandex,generic,"YANDEX, LLC",2026-03-11
.yodobashi,generic,"YODOBASHI CAMERA CO.,LTD.",2026-03-11
.yoga,generic,Top Level Domain Holdings Limited,2026-03-11
.yokohama,generic,"GMO Registry, Inc.",2026-03-11
.youtube,generic,Charleston Road Registry Inc.,2026-03-11
.zip,generic,Charleston Road Registry Inc.,2026-03-11
.zone,generic,"Outer Falls, LLC",2026-03-11
.zuerich,generic,Kanton Zürich (Canton of Zurich),2026-03-11
